{
    "precision_at_10": 0.00808080808080808,
    "coverage": 0.05903436643474594,
    "evaluated_customers": 99
}