{
    "precision_at_10": 0.018536057367068055,
    "coverage": 0.002108370229812355,
    "train_rows": 61419,
    "test_rows": 7391
}